{"main":"面向对象设计[2].md","title":"面向对象设计[2]","version":2,"cssText":"","fileResources":[{"filename":"a8efecf123c2762f2d491f01aad5740a.png","type":"image/png"},{"filename":"9893a3c608b76b7053ff33a97de31a2c.png","type":"image/png"},{"filename":"66831413e0768b286b9c7a04e97c8307.png","type":"image/png"},{"filename":"b55dff3d9ccfb1483d9ed27e20e18aa9.png","type":"image/png"},{"filename":"c3d60ebf5107aa5317c117098747a506.png","type":"image/png"},{"filename":"8f34aa88f27436d0f876b7dd6c3144a1.png","type":"image/png"},{"filename":"dd799eeaa660cbae5430ab6017bb9c01.png","type":"image/png"},{"filename":"556cf5adafa4c381ce4444b0b03c832a.png","type":"image/png"},{"filename":"ea25b57088a6d77ac82d75ce1f6113a6.png","type":"image/png"},{"filename":"a60eaeb87c6ef042c2625a35db148baf.png","type":"image/png"},{"filename":"c7c9b50fecd1af3a068574df7843e3e0.png","type":"image/png"},{"filename":"e19a94db8f102e8a6f8b8231e00526b8.png","type":"image/png"},{"filename":"6834d1237074cd4d8f2fd064f711d95a.png","type":"image/png"},{"filename":"94b0e6f4dfe7794a5c9ad66170878eec.png","type":"image/png"},{"filename":"e593cda2e5c699c00aa9ab0633851d61.png","type":"image/png"},{"filename":"3f900a1705189c88f9cae108bf1d2c70.png","type":"image/png"},{"filename":"e72fe3182b42273535696812b0cbeacf.png","type":"image/png"},{"filename":"1c5e2307def8d922e8c83bd0f30bf0c8.png","type":"image/png"},{"filename":"1c0f83193d30b3b5cea3f69068c20c6c.png","type":"image/png"},{"filename":"ed3b2c41d4c6a1f6e2d101306c5c7275.png","type":"image/png"},{"filename":"6592dc9c9f632e51d5a45b1263665354.png","type":"image/png"},{"filename":"cc5d43b11fc0be787d5cbcb9aa500c5a.png","type":"image/png"},{"filename":"d9a62d6d8b271f5af229ad48d5196516.png","type":"image/png"},{"filename":"311163081fba551555c686f63f6b7329.png","type":"image/png"}]}