{"main":"面向对象设计[1].md","title":"面向对象设计[1]","version":2,"cssText":"","fileResources":[{"filename":"images/图片1.png","type":"image/png"},{"filename":"images/图片2.png","type":"image/png"},{"filename":"images/图片3.png","type":"image/png"},{"filename":"images/图片4.png","type":"image/png"},{"filename":"images/图片5.png","type":"image/png"},{"filename":"images/图片6.png","type":"image/png"},{"filename":"images/图片8.png","type":"image/png"},{"filename":"images/图片9.png","type":"image/png"},{"filename":"images/图片10.png","type":"image/png"},{"filename":"images/图片11.png","type":"image/png"},{"filename":"images/图片12.png","type":"image/png"},{"filename":"images/图片14.png","type":"image/png"},{"filename":"images/图片15.png","type":"image/png"},{"filename":"images/图片16.png","type":"image/png"},{"filename":"images/图片17.png","type":"image/png"}]}