{"main":"Java并发编程.md","title":"Java并发编程","version":2,"cssText":"","fileResources":[{"filename":"images/图片1.png","type":"image/png"},{"filename":"images/image5.png","type":"image/png"},{"filename":"images/image6.png","type":"image/png"},{"filename":"images/image7_1.png","type":"image/png"},{"filename":"images/image8.png","type":"image/png"},{"filename":"images/image9_1.png","type":"image/png"},{"filename":"images/image10.png","type":"image/png"},{"filename":"images/TIM截图20170614165627.png","type":"image/png"},{"filename":"images/image11.png","type":"image/png"},{"filename":"images/image12.png","type":"image/png"},{"filename":"images/image13.png","type":"image/png"},{"filename":"images/image14.png","type":"image/png"},{"filename":"images/image15.png","type":"image/png"},{"filename":"images/image16.png","type":"image/png"},{"filename":"images/image17.png","type":"image/png"},{"filename":"images/image18.png","type":"image/png"},{"filename":"images/image19.png","type":"image/png"},{"filename":"images/image20.png","type":"image/png"},{"filename":"images/image21.png","type":"image/png"},{"filename":"images/image22.png","type":"image/png"},{"filename":"images/image23.png","type":"image/png"},{"filename":"images/image24.png","type":"image/png"},{"filename":"images/image25.png","type":"image/png"},{"filename":"images/image26.png","type":"image/png"},{"filename":"images/image27.png","type":"image/png"},{"filename":"images/image28.png","type":"image/png"},{"filename":"images/image29.png","type":"image/png"},{"filename":"images/image30.png","type":"image/png"},{"filename":"images/image31.png","type":"image/png"}]}